[{"item":"Europe","number of elements":"1"}][{"item":"Romania","number of elements":"4"}][{"item":"America","number of elements":"2"}][{"item":"Pink","number of elements":"3"}][{"item":"Blue","number of elements":"1"}][{"item":"Rosie","number of elements":"1"}][{"item":"Mov","number of elements":"2"}][{"item":"Decor","number of elements":"7"}][{"item":"Nimic","number of elements":"6"}][{"item":"Infloreste la Craciun","number of elements":"1"}][{"item":"2020-05-14","number of elements":"4"}][{"item":"2020-05-09","number of elements":"1"}][{"item":"2020-05-17","number of elements":"2"}][{"item":"Flori de apartament","number of elements":"3"}][{"item":"Album 1","number of elements":"0"}]