[{"item":"Europe","number of elements":"1"}][{"item":"Romania","number of elements":"4"}][{"item":"America","number of elements":"2"}][{"item":"Europa","number of elements":"1"}][{"item":"Pink","number of elements":"5"}][{"item":"Blue","number of elements":"1"}][{"item":"Rosie","number of elements":"1"}][{"item":"Verde","number of elements":"1"}][{"item":"Decor","number of elements":"7"}][{"item":"Nimic","number of elements":"1"}][{"item":"Nimic","number of elements":"7"}][{"item":"Infloreste la Craciun","number of elements":"1"}][{"item":"2020-05-14","number of elements":"6"}][{"item":"2020-05-09","number of elements":"1"}][{"item":"2020-06-10","number of elements":"1"}][{"item":"Flori de apartament","number of elements":"2"}][{"item":"Ferigi","number of elements":"1"}]